term,estimate,penalty
site_clean,0.8912109959620877,1e-4
hybrid,0.7445180317131799,1e-4
year,0.5511383350258109,1e-4
previous_crop,0.24312857487645587,1e-4
srad_mean,0.16493042508368919,1e-4
latitude,-0.15356676305111933,1e-4
tmin_mean,0.05966167711724212,1e-4
tmax_mean,-0.03166327042448427,1e-4
heat_days,-0.013986241681719132,1e-4
longitude,-0.0022973781876540556,1e-4
gdd_total,-0.0012844482418231803,1e-4
precip_total,-0.001035817709643911,1e-4
tmean_season,0,1e-4
