term,estimate,penalty
site_clean,0.8912109959620108,1e-4
hybrid,0.7445180317131425,1e-4
year,0.5511383350258315,1e-4
previous_crop,0.24312857487705483,1e-4
srad_mean,0.16493042508378444,1e-4
latitude,-0.15356676305115863,1e-4
tmin_mean,0.05966167711665408,1e-4
tmax_mean,-0.03166327042492218,1e-4
heat_days,-0.013986241681708015,1e-4
longitude,-0.0022973781876437314,1e-4
gdd_total,-0.0012844482418164964,1e-4
precip_total,-0.0010358177096441426,1e-4
tmean_season,0,1e-4
